Nesting status,Species
Success,OliveRidley
Success,OliveRidley
Success,OliveRidley
Success,OliveRidley
Success,OliveRidley
Success,OliveRidley
Success,OliveRidley
Success,OliveRidley
Success,OliveRidley
Success,OliveRidley
Success,OliveRidley
Success,OliveRidley
Success,OliveRidley
Success,OliveRidley
Success,OliveRidley
Success,OliveRidley
Aborted,OliveRidley
Aborted,OliveRidley
Aborted,OliveRidley
Aborted,OliveRidley
Success,Hawksbill
Success,Hawksbill
Success,Hawksbill
Success,Hawksbill
Aborted,Hawksbill
Aborted,Hawksbill
Aborted,Hawksbill
Success,Leatherback
Success,Leatherback
Success,Leatherback
Success,Leatherback
Aborted,Leatherback
Aborted,Leatherback